Band,Min,Max,Mean,StdDev
vv,-32768.0,871.57367,-15677.560376278174,16368.829274266698
vh,-32768.0,50.10606,-15374.240426144437,16352.869615869393
