Band,Min,Max,Mean,StdDev
soc150,57.0,200334.0,16893.10449856502,15337.946234819225
soc999,57.0,232758.0,18087.218491533957,17634.073437364405
nccpi3corn,0.001,0.991,0.6941035519910865,0.2182191084603459
pctearthmc,0,100,86.96032751826955,14.135757099628329
rootznaws,0,750,248.6187876547375,72.25618588393341
nccpi3soy,0.001,0.981,0.6286020878367312,0.2266574288130145
nccpi3all,0.001,0.991,0.7146141658461025,0.21282228960926175
